<application>
  <component name="PhpInterpreters">
    <interpreters>
      <interpreter id="3924d73a-7083-4b7b-bbd7-2c8bd9a07cce" name="PHP 7.3" home="C:\Visual-AMP-x64\Bin\PHP\php-7.3.25-nts-x86\php.exe" debugger_id="php.debugger.XDebug" />
    </interpreters>
  </component>
  <component name="PhpInterpretersPhpInfoCache">
    <phpInfoCache>
      <interpreter name="PHP 7.3">
        <phpinfo binary_type="PHP" php_cgi="C:\Visual-AMP-x64\Bin\PHP\php-7.3.25-nts-x86\php-cgi.exe" php_cli="C:\Visual-AMP-x64\Bin\PHP\php-7.3.25-nts-x86\php.exe" path_separator=";" version="7.3.25">
          <additional_php_ini />
          <configuration_file>C:\Visual-AMP-x64\Bin\PHP\php-7.3.25-nts-x86\php.ini</configuration_file>
          <configuration_options>
            <configuration_option name="include_path" value=".;C:\php\pear" />
          </configuration_options>
          <debuggers>
            <debugger_info debugger="xdebug" debugger_version="3.0.0">
              <debug_extensions />
            </debugger_info>
          </debuggers>
          <loaded_extensions>
            <extension name="Core" />
            <extension name="PDO" />
            <extension name="Phar" />
            <extension name="Reflection" />
            <extension name="SPL" />
            <extension name="SimpleXML" />
            <extension name="bcmath" />
            <extension name="calendar" />
            <extension name="ctype" />
            <extension name="curl" />
            <extension name="date" />
            <extension name="dom" />
            <extension name="exif" />
            <extension name="fileinfo" />
            <extension name="filter" />
            <extension name="gd" />
            <extension name="hash" />
            <extension name="iconv" />
            <extension name="igbinary" />
            <extension name="json" />
            <extension name="libxml" />
            <extension name="mbstring" />
            <extension name="memcache" />
            <extension name="mongodb" />
            <extension name="mysqli" />
            <extension name="mysqlnd" />
            <extension name="openssl" />
            <extension name="pcre" />
            <extension name="pdo_mysql" />
            <extension name="pdo_sqlite" />
            <extension name="pdo_sqlsrv" />
            <extension name="readline" />
            <extension name="redis" />
            <extension name="session" />
            <extension name="soap" />
            <extension name="sockets" />
            <extension name="sqlite3" />
            <extension name="sqlsrv" />
            <extension name="standard" />
            <extension name="tokenizer" />
            <extension name="wddx" />
            <extension name="xdebug" />
            <extension name="xml" />
            <extension name="xmlreader" />
            <extension name="xmlwriter" />
            <extension name="zip" />
            <extension name="zlib" />
          </loaded_extensions>
        </phpinfo>
      </interpreter>
    </phpInfoCache>
  </component>
</application>