<application>
  <component name="ProjectManager">
    <defaultProject>
      <component name="JsFlowSettings">
        <service-enabled>true</service-enabled>
        <exe-path />
        <other-services-enabled>true</other-services-enabled>
        <auto-save>true</auto-save>
      </component>
      <component name="PropertiesComponent">
        <property name="node.js.path.for.package.eslint" value="project" />
        <property name="node.js.path.for.package.standard" value="project" />
        <property name="node.js.selected.package.eslint" value="(autodetect)" />
        <property name="node.js.selected.package.standard" value="" />
        <property name="settings.editor.selected.configurable" value="settings.javascript.linters.eslint" />
      </component>
    </defaultProject>
  </component>
</application>