<application>
  <component name="UISettings">
    <option name="compactTreeIndents" value="true" />
    <option name="FULL_PATHS_IN_TITLE_BAR" value="true" />
    <option name="LEFT_HORIZONTAL_SPLIT" value="true" />
    <option name="MAX_LOOKUP_LIST_HEIGHT" value="24" />
    <option name="MAX_LOOKUP_WIDTH2" value="744" />
    <option name="OVERRIDE_NONIDEA_LAF_FONTS" value="true" />
    <option name="RIGHT_HORIZONTAL_SPLIT" value="true" />
    <option name="SHOW_TOOL_WINDOW_NUMBERS" value="true" />
    <option name="showTreeIndentGuides" value="true" />
    <option name="WIDESCREEN_SUPPORT" value="true" />
  </component>
</application>