<application>
  <component name="PhpThisOrSelfImportFilteringUsageSetting">
    <option name="SHOW_THIS_OR_SELF_REFERENCES" value="true" />
  </component>
  <component name="ShowUsagesSettings">
    <option name="IS_FILTER_DUPLICATED_LINE" value="false" />
  </component>
  <component name="UsageViewSettings">
    <option name="GROUP_BY_MODULE" value="false" />
    <option name="GROUP_BY_PACKAGE" value="false" />
    <option name="GROUP_BY_USAGE_TYPE" value="false" />
  </component>
</application>